UWI,BHT,TrueTemp,SSTVD(m),Field,X,Y,Set
42013301410000,61.66666666666667,141.55555555555557,3725.418,Eaglebine,2597996.267392737,-350331.93278141756,Training
42013301930000,107.22222222222223,132.778,3168.7008,Eaglebine,2681233.966231102,-316108.6764244982,Training
42013302760000,65.55555555555556,89.16111111111113,1747.4184,Eaglebine,2611185.942274859,-239228.35128800804,Training
42013305480000,76.66666666666667,107.96111111111112,2379.2688000000003,Eaglebine,2651947.6547636907,-249935.7377029579,Training
42013310190000,98.8888888888889,133.72222222222223,3203.289504,Eaglebine,2697925.5808610017,-301994.8137392908,Training
42013311740000,118.33333333333334,132.56666666666666,3151.775256,Eaglebine,2699234.93759699,-301484.95213020314,Training
42013312950000,62.77777777777778,92.80555555555557,1879.7016,Eaglebine,2562095.769078588,-264377.93149024097,Training
42013313140000,85.0,111.67222222222222,2484.7296,Eaglebine,2503002.2634312077,-350360.8613370813,Training
42013313780000,65.0,93.42222222222223,1880.6922000000002,Eaglebine,2500178.4391681617,-293151.70909983414,Training
42013325590000,37.77777777777778,49.9,626.364,Eaglebine,2521593.647614865,-243612.0734241164,Training
42013326640000,110.0,138.6111111,3196.31568,Eaglebine,2699868.3992400365,-299207.87105477735,Training
42013332560000,96.66666666666667,129.4777777777778,3226.308,Eaglebine,2603865.668109426,-271070.4668601703,Training
42013339790000,116.66666666666667,134.1888888888889,3210.7632000000003,Eaglebine,2702088.350423221,-298865.29510987765,Training
42013340230000,90.55555555555556,120.83333333333334,2815.9252800000004,Eaglebine,2670100.456303574,-280878.6861584982,Training
42013340590000,120.55555555555556,133.2,3221.4312,Eaglebine,2678516.439708403,-314937.91623178194,Training
42025304380000,54.44444444444445,65.55555556,936.6504,Eaglebine,2771656.609923283,-348061.0184717283,Training
42025324790000,145.55555555555557,159.71111111111114,4121.9628,Eaglebine,2742357.479893165,-355913.4290192134,Training
42041303360000,96.11111111111111,118.92222222222223,2708.6052,Eaglebine,3280394.4829440773,405049.0515337833,Training
42041304220000,98.33333333333334,139.59444444444443,3592.6776,Eaglebine,3288787.867851283,483812.24916963984,Training
42041304690000,83.88888888888889,110.07777777777777,2419.99008,Eaglebine,3239775.288899728,420097.8891029227,Training
42041305800000,73.88888888888889,82.77777778,2341.9612800000004,Eaglebine,3214939.973852573,409788.1082068284,Training
42041306390000,112.22222222222223,128.16111111111113,3040.0752,Eaglebine,3284092.1502383407,388458.36120153416,Training
42041307630000,85.55555555555556,114.16111111111113,2556.6624,Eaglebine,3246258.0094962977,409033.65648299514,Training
42041308650000,87.77777777777779,114.2,2541.7272000000003,Eaglebine,3239078.8882301385,396872.6835339314,Training
42041308840000,80.0,110.79444444444445,2467.4078160000004,Eaglebine,3245191.1296147434,428311.2519906391,Training
42041309220000,80.55555555555556,110.34444444444445,2438.0952,Eaglebine,3237006.77794007,421417.0170539242,Training
42041309330000,87.77777777777779,113.59444444444445,2567.3304000000003,Eaglebine,3253766.3065621327,427952.7262946117,Training
42041309360000,103.33333333333334,125.3388888888889,2923.7940000000003,Eaglebine,3255097.54662032,373071.3371227663,Training
42041310960000,96.11111111111111,112.97222222222223,2524.3536,Eaglebine,3234347.8953941683,413006.28702658124,Training
42041311700000,108.8888888888889,118.8888889,2350.5322560000004,Eaglebine,3193777.730228645,370911.65419502114,Training
42041311970000,101.66666666666667,114.12222222222222,2564.2824,Eaglebine,3232565.0695044682,399789.43216491013,Training
42041311980000,93.8888888888889,105.0,2337.32832,Eaglebine,3193676.4782581064,374806.634825769,Training
42041312500000,100.55555555555556,107.3388888888889,2339.7972,Eaglebine,3198171.0498870593,384278.34741686867,Training
42041313380000,96.66666666666667,125.28888888888889,2920.10592,Eaglebine,3277097.49174182,393909.83929955645,Training
42041314550000,81.11111111111111,108.45,2375.916,Eaglebine,3227468.026605541,426151.4315376593,Training
42051304680000,75.55555555555556,89.10555555555555,1675.1808,Eaglebine,3109421.035203241,328074.9044084741,Training
42051305140000,143.33333333333334,109.29444444444444,2418.588,Eaglebine,3126241.5791457766,270087.826458247,Training
42051305380000,103.33333333333334,111.1111111,2461.8696,Eaglebine,3128937.954534907,267836.3395514239,Training
42051305480000,98.33333333333334,107.37222222222223,2349.246,Eaglebine,3127142.229460111,284037.394551175,Training
42051306040000,88.88888888888889,111.83888888888889,2486.37552,Eaglebine,3138180.2556158924,276793.9567193296,Training
42051306120000,90.0,113.02777777777777,2534.7168,Eaglebine,3143207.7980280374,278827.52639278915,Training
42051306370000,98.8888888888889,108.24444444444445,2357.3232000000003,Eaglebine,3132589.4713329324,293313.6586779911,Training
42051306740000,123.8888888888889,108.19444444444444,2372.7156,Eaglebine,3148872.815235618,315378.98029977095,Training
42051306750000,85.55555555555556,108.66666666666667,2397.5568000000003,Eaglebine,3143527.7133919857,277228.9957438922,Training
42051307530000,90.55555555555556,109.87222222222223,2419.8072,Eaglebine,3141260.451301805,295538.42256713944,Training
42051307640000,93.33333333333334,107.72222222222223,2342.6928000000003,Eaglebine,3149699.2075389163,316114.7770056871,Training
42051307650000,38.88888888888889,106.86666666666667,2310.384,Eaglebine,3145418.2010230897,316869.99030757917,Training
42051308330000,91.11111111111111,107.3,2298.192,Eaglebine,3161295.288079019,336840.5786856558,Training
42051308540000,97.77777777777779,110.56111111111112,2459.4312,Eaglebine,3130853.4212254495,270597.8225091962,Training
42051308570000,80.0,111.81111111111112,2477.7192,Eaglebine,3137596.9617305147,279923.0354444417,Training
42051309240000,90.0,108.33333333333334,2383.2312,Eaglebine,3128828.911741097,282321.96635091194,Training
42051309360000,79.44444444444444,117.0555556,2381.4024,Eaglebine,3144338.2229783037,303842.83901400573,Training
42051309430000,99.44444444444444,119.55555555555556,2744.724,Eaglebine,3164047.3043604647,280103.08589098434,Training
42051309640000,81.66666666666667,104.46111111111112,2262.34752,Eaglebine,3118559.0194697743,297778.90184649994,Training
42051309880000,90.55555555555556,107.62222222222222,2364.0288,Eaglebine,3127914.812805534,293171.5246091271,Training
42051310100000,97.77777777777779,120.02777777777779,2777.52048,Eaglebine,3154288.7832439784,270779.4422046204,Training
42051310320000,85.55555555555556,117.13888888888889,2664.2568,Eaglebine,3177724.8822469288,309738.2882927091,Training
42051310430000,105.55555555555556,134.28888888888892,3214.116,Eaglebine,3205152.686609872,262878.07959214493,Training
42051310530000,88.88888888888889,116.18333333333334,2618.232,Eaglebine,3185417.6274800897,322200.19522927556,Training
42051310590000,100.0,118.82222222222222,2718.5112,Eaglebine,3165508.156040166,284995.23782147653,Training
42051310600000,96.66666666666667,119.5,2738.628,Eaglebine,3165951.520404936,282387.91043882346,Training
42051312330000,81.66666666666667,105.44444444444446,2251.8624,Eaglebine,3172385.0763448277,362814.0263524936,Training
42051315010000,96.11111111111111,106.89999999999999,2313.7368,Eaglebine,3172627.6626825435,355082.6969037713,Training
42051315180000,89.44444444444444,113.41111111111111,2523.1344,Eaglebine,3177121.340444449,331415.4304638152,Training
42051315190000,60.0,107.61666666666667,2327.7576,Eaglebine,3159425.4817554806,339426.25333776476,Training
42051315580000,85.55555555555556,111.89999999999999,2502.7128000000002,Eaglebine,3188017.6623194925,345724.81150944333,Training
42051315590000,78.88888888888889,108.24444444444445,2402.7384,Eaglebine,3114996.284165172,285259.71427675395,Training
42051316200000,96.66666666666667,112.50555555555556,2519.172,Eaglebine,3152729.8612263384,295837.7666426008,Training
42051316460000,86.11111111111111,112.7388888888889,2519.4768,Eaglebine,3179654.846832212,334232.0774041687,Training
42051316590000,81.66666666666667,118.71111111111112,2705.4048000000003,Eaglebine,3176681.9486367316,271413.84608208574,Training
42051317340000,94.44444444444444,113.77222222222223,2582.5704,Eaglebine,3133781.593706716,266665.9684423425,Training
42051317410000,87.77777777777779,122.91111111111113,2864.8152,Eaglebine,3172604.332578939,279759.76925673446,Training
42051317780000,93.33333333333334,108.05555555555556,2366.58912,Eaglebine,3187526.406970072,362211.1600713149,Training
42051318310000,96.66666666666667,115.2388888888889,2595.0672,Eaglebine,3179804.342660825,325274.25447775074,Training
42051318560000,97.77777777777779,111.78333333333335,2490.2160000000003,Eaglebine,3164500.734828879,319589.67620142305,Training
42051319560000,96.11111111111111,112.3,2509.1136,Eaglebine,3134849.651391149,277180.1802154145,Training
42051325170000,93.33333333333334,111.88333333333333,2483.8152,Eaglebine,3186067.890823343,344179.40749547834,Training
42051325270000,82.77777777777779,110.61666666666667,2435.6568,Eaglebine,3182208.711714357,343597.70744985377,Training
42051325800000,95.55555555555556,109.31666666666668,2386.2792,Eaglebine,3174330.6908966717,343571.1049919458,Training
42051326000000,146.66666666666669,110.83888888888889,2445.7152,Eaglebine,3166227.3720257683,330145.6593873267,Training
42051326100000,85.55555555555556,110.26111111111112,2416.7592,Eaglebine,3176526.098221912,341478.69413220655,Training
42051327690000,71.66666666666667,88.88333333333334,1740.1032,Eaglebine,3083754.3081113584,339581.83057887905,Training
42051327840000,85.0,108.21111111111112,2361.5904,Eaglebine,3176007.41291014,346875.2765879709,Training
42123303590000,42.22222222222222,55.0617284,593.7504,Eaglebine,2910676.0204296797,-208884.37948974787,Training
42123309360000,42.22222222222222,140.0,647.66952,Eaglebine,2914275.9107805416,-225872.49072372852,Training
42123309670000,98.8888888888889,122.05,2932.11504,Eaglebine,2911294.8722018534,-226121.86107667096,Training
42123309750000,93.33333333333334,176.3333333,2991.03288,Eaglebine,2909388.9851672193,-231639.60983888822,Training
42127000690000,47.77777777777778,57.19444444444444,686.0743200000001,Eaglebine,2106617.793966828,-404268.2957128197,Training
42127301140000,92.22222222222223,112.01111111111112,2528.2245600000006,Eaglebine,2160616.4080732754,-427283.60994467087,Training
42127308630000,104.44444444444444,104.61666666666667,2254.6056000000003,Eaglebine,2221179.357421483,-431994.03707646235,Training
42127310470000,74.44444444444444,92.96111111111112,1763.5728000000001,Eaglebine,2103267.5638909317,-489610.09715546854,Training
42127310890000,73.33333333333334,88.80000000000001,1648.86132,Eaglebine,2129342.5914728367,-409095.5182090984,Training
42127311860000,62.77777777777778,78.71111111111112,1380.4392,Eaglebine,2177782.43074411,-495213.9154550615,Training
42127311880000,77.77777777777779,96.17777777777779,1918.051536,Eaglebine,2125879.8790953923,-400254.93987488106,Training
42127312130000,80.55555555555556,97.36111111111111,1932.432,Eaglebine,2136120.608036396,-404737.49743613775,Training
42127315410000,81.11111111111111,101.56666666666666,2132.71608,Eaglebine,2287681.7919240375,-398163.0142420503,Training
42127315740000,126.66666666666667,131.53333333333333,3288.7920000000004,Eaglebine,2085119.679913173,-509116.138446259,Training
42127316180000,88.33333333333334,106.14444444444445,2367.3816,Eaglebine,2156260.766414941,-475119.7773331197,Training
42127316900000,91.11111111111111,106.17777777777779,2241.8954400000002,Eaglebine,2130405.2977035004,-519157.85034961917,Training
42127317010000,77.22222222222223,98.36111111111113,1982.3277600000001,Eaglebine,2193108.8966393145,-394291.4305665006,Training
42127317020000,87.22222222222223,107.35555555555557,2369.5152000000003,Eaglebine,2224765.299872995,-393474.47802561766,Training
42127317180000,72.22222222222223,98.86666666666667,2040.3312,Eaglebine,2238405.1104278374,-406977.1143280617,Training
42127317320000,84.44444444444444,95.95555555555556,1907.6334720000002,Eaglebine,2131375.415075981,-400616.6810209075,Training
42127317560000,88.33333333333334,104.61666666666667,2208.5808,Eaglebine,2117242.306326978,-512561.11466675653,Training
42127318560000,104.44444444444444,121.81666666666668,2912.2116,Eaglebine,2284131.4512381665,-461703.3224032052,Training
42127323000000,87.22222222222223,101.2388888888889,2124.1512000000002,Eaglebine,2164131.564455498,-440603.6513063012,Training
42127328970000,71.11111111111111,91.0111111111111,1758.66552,Eaglebine,2280801.543522131,-380633.26184611,Training
42127332970000,87.77777777777779,96.00000000000001,1908.87096,Eaglebine,2114742.02697576,-392712.7735178636,Training
42149304890000,85.55555555555556,109.38333333333333,2420.112,Eaglebine,3048294.0507673007,142950.46838769337,Training
42149305140000,83.33333333333334,105.73333333333333,2299.1064,Eaglebine,3037955.8956595883,142100.4448335876,Training
42149305750000,87.77777777777779,105.71666666666667,2340.2544000000003,Eaglebine,3000774.7250350346,65044.37964702416,Training
42149305880000,86.66666666666667,107.57222222222222,2406.0912000000003,Eaglebine,3015616.5647008596,100134.01176755408,Training
42149307960000,79.44444444444444,101.87777777777778,2197.9128,Eaglebine,3020241.167914198,124208.24623444589,Training
42149308070000,77.77777777777779,101.42222222222223,2191.2072000000003,Eaglebine,3019013.840453742,122608.90926423702,Training
42149308390000,101.66666666666667,126.86666666666667,3015.996,Eaglebine,3080501.3354743756,122196.53589151343,Training
42149308450000,81.11111111111111,103.59444444444445,2250.6432,Eaglebine,2987796.0765694776,54443.4769612052,Training
42149323530000,140.55555555555557,152.78333333333333,3889.4004,Eaglebine,3126933.4369451893,116304.27284859603,Training
42149325050000,136.11111111111111,155.45555555555555,3935.2423200000003,Eaglebine,3162664.0605044635,166458.6090210923,Training
42161304400000,166.11111111111111,175.5555556,4518.3552,Eaglebine,3281735.185248631,662378.481732765,Training
42163317830000,76.66666666666667,92.36111111111111,1851.0504,Eaglebine,2474804.903673185,-290866.2686198264,Training
42177301620000,57.77777777777778,73.68333333333334,1289.304,Eaglebine,2806414.183416905,-92596.13735792536,Training
42177305970000,40.0,45.838888888888896,561.7464,Eaglebine,2876926.7853523376,-79709.39032452209,Training
42177306900000,83.33333333333334,100.73333333333333,2212.63464,Eaglebine,2894215.611192847,-81100.24626610297,Training
42177306920000,94.44444444444444,103.86111111111111,2483.47992,Eaglebine,2884378.5685948376,-49011.04375149336,Training
42177307020000,92.22222222222223,106.30555555555556,2347.8744,Eaglebine,2844824.8683665823,-148614.60269872026,Training
42177307630000,88.88888888888889,112.55000000000001,2565.1968,Eaglebine,2981991.9253793564,5613.471765897414,Training
42177307700000,65.55555555555556,79.24444444444444,1545.336,Eaglebine,2880624.7603076235,-36982.26170421518,Training
42177308050000,69.44444444444444,86.62777777777778,1767.5352,Eaglebine,2873029.3362259646,-64527.64978620262,Training
42177308170000,76.66666666666667,94.93888888888888,2018.6904000000002,Eaglebine,2875011.3976102592,-87878.49964027508,Training
42177308260000,69.44444444444444,87.67777777777778,1817.5224,Eaglebine,2863253.5550514827,-75587.99360207768,Training
42177308270000,75.55555555555556,87.9,1827.276,Eaglebine,2878457.248419612,-60995.674660001074,Training
42177308300000,77.22222222222223,100.35555555555555,2159.8128,Eaglebine,2867595.2756106127,-108980.14772090667,Training
42177308340000,75.55555555555556,91.11111111,1922.6784,Eaglebine,2918331.0487892297,-21925.48716025073,Training
42177309080000,92.22222222222223,108.18333333333334,2415.8448000000003,Eaglebine,2954992.744677757,-20357.696593880733,Training
42177309100000,74.44444444444444,79.44444444,1778.508,Eaglebine,2904977.4323013783,-28475.413558353368,Training
42177309850000,74.44444444444444,96.65555555555555,2035.1496000000002,Eaglebine,2841980.197663304,-128146.05927961577,Training
42177313020000,85.0,107.32222222222224,2398.1664,Eaglebine,2856087.352544517,-137616.93061860354,Training
42177314470000,85.0,101.79444444444444,2235.0984000000003,Eaglebine,2897459.291846158,-79650.44006881506,Training
42177315540000,89.44444444444444,108.00555555555556,2420.7216000000003,Eaglebine,2900703.404071463,-90530.97320037325,Training
42177319460000,110.0,135.55,3372.3072,Eaglebine,2966733.84903429,-60288.567370693345,Training
42177320060000,108.8888888888889,139.9888888888889,3430.3716000000004,Eaglebine,2957137.840241428,-93440.30531080537,Training
42177320410000,110.0,132.03333333333336,3338.9316000000003,Eaglebine,2835571.808623568,-134416.83541500237,Training
42185302150000,120.0,141.16666666666669,3498.1896,Eaglebine,3360062.936730318,430359.0253045012,Training
42185302710000,80.0,100.59444444444445,2106.168,Eaglebine,3349008.119703033,387736.98786440876,Training
42185302840000,105.0,131.75,3137.916,Eaglebine,3367341.6953499336,433063.97642910504,Training
42185304230000,159.44444444444446,165.18333333333334,4240.682400000001,Eaglebine,3389462.492740882,394256.96063221805,Training
42255300590000,115.55555555555556,139.12222222222223,3487.5216,Eaglebine,2855866.39558113,-191024.90156146057,Training
42255305980000,192.22222222222223,192.8722222222227,5566.562400000001,Eaglebine,2784723.5185502036,-224903.32856253028,Training
42255312470000,150.0,156.0222222222222,3999.5856000000003,Eaglebine,2789699.404997671,-316735.46184677136,Training
42283002040000,187.7777777777778,196.02777777777857,5640.7812,Eaglebine,2440955.877944356,-481257.21165427123,Training
42283309180000,107.22222222222223,134.9388888888889,3163.2144000000003,Eaglebine,2487399.700970297,-465787.67451310926,Training
42283310960000,59.44444444444445,65.74444444444445,1045.7688,Eaglebine,2386248.074579112,-372374.09629137657,Training
42283314670000,107.77777777777779,132.33888888888887,3096.6460800000004,Eaglebine,2433857.014589792,-475501.8084808862,Training
42283315220000,106.66666666666667,130.8166666666667,3029.5900800000004,Eaglebine,2444894.1523488495,-471231.72520606616,Training
42283315230000,110.0,130.38888888888889,3069.0312000000004,Eaglebine,2403616.9536738126,-489884.2506593631,Training
42283315400000,102.22222222222223,131.37222222222223,3086.6791200000002,Eaglebine,2411235.4799224795,-486319.21777063893,Training
42283315470000,107.22222222222223,126.95555555555555,2960.0956800000004,Eaglebine,2312435.0953876176,-537746.2705303197,Training
42283315560000,86.66666666666667,116.78333333333335,2756.154,Eaglebine,2328464.5527763343,-407906.433925139,Training
42283315610000,117.22222222222223,128.75,2982.25464,Eaglebine,2352716.117143094,-523235.30672419065,Training
42285313800000,93.33333333333334,120.62777777777778,2815.4985600000005,Eaglebine,3084496.3076359327,-52377.9257435691,Training
42285315200000,142.22222222222223,165.70555555555555,4298.38104,Eaglebine,3069144.474374761,-79432.09875767614,Training
42287305100000,93.33333333333334,112.74444444444445,2524.6584000000003,Eaglebine,3092774.8091767468,218604.30638853583,Training
42287305130000,85.0,104.85555555555557,2267.712,Eaglebine,3105693.5176964006,272750.71694482537,Training
42287306420000,88.88888888888889,114.7,2554.5288,Eaglebine,3091006.480338645,206181.52872588014,Training
42287309060000,93.33333333333334,110.80555555555556,2469.7944,Eaglebine,3088240.8373015826,223394.31220782545,Training
42287309140000,94.44444444444444,107.85555555555555,2344.5216,Eaglebine,3052541.6016464937,178949.27255759647,Training
42287312020000,89.44444444444444,113.22777777777779,2500.884,Eaglebine,3064898.6122026364,174016.13022358707,Training
42287312490000,88.88888888888889,112.21111111111111,2466.7464,Eaglebine,3065316.8909510667,178818.68758400955,Training
42287312500000,88.33333333333334,111.06666666666666,2433.828,Eaglebine,3062318.207387832,180803.26522813665,Training
42287325030000,114.44444444444444,126.04444444444445,3002.8896,Eaglebine,3085699.4434071225,174964.66940861693,Training
42287325060000,131.11111111111111,125.3611111111111,2966.0088,Eaglebine,3087520.471162116,177894.50699897407,Training
42289301060000,95.55555555555556,116.46111111111111,2709.3672,Eaglebine,3274048.654205484,647969.5296115752,Training
42289303540000,158.88888888888889,159.51111111111067,4416.43008,Eaglebine,3283458.186604,653515.2968848316,Training
42289304430000,115.55555555555556,122.1888888888889,3006.5472,Eaglebine,3263108.018817822,637924.4044233817,Training
42289304700000,126.33333333333333,120.06111111111112,2962.3512,Eaglebine,3262536.1869724942,637171.0752612426,Training
42289305780000,113.33333333333334,123.70555555555555,3038.2464,Eaglebine,3309878.7428322383,660119.9873172767,Training
42289306600000,110.0,127.99444444444444,3128.4672,Eaglebine,3406065.260452218,580580.5070550904,Training
42289308110000,95.55555555555556,119.92777777777779,2836.4688,Eaglebine,3404406.0663513606,607561.651702438,Training
42289309370000,98.8888888888889,120.85555555555555,2875.788,Eaglebine,3393612.398602145,592267.9909192325,Training
42289309510000,94.44444444444444,124.48888888888888,2988.5640000000003,Eaglebine,3411429.7428778647,582634.714376039,Training
42289309850000,98.33333333333334,117.04444444444445,2746.248,Eaglebine,3389959.9725738033,594659.5008420376,Training
42289310220000,111.11111111111111,118.74444444444445,2823.5148,Eaglebine,3284514.6819811305,646363.2809627609,Training
42289310950000,104.44444444444444,119.63888888888889,2881.2744000000002,Eaglebine,3313331.2488106377,640376.2539915788,Training
42289312310000,82.22222222222223,112.3,2617.28712,Eaglebine,3285353.363241937,600970.0212750122,Training
42289312660000,93.33333333333334,116.22222222222221,2925.4704,Eaglebine,3264747.5064097997,580909.1392436873,Training
42289312770000,72.77777777777779,92.04444444444445,1856.2320000000002,Eaglebine,3294210.818275527,617728.9515186595,Training
42289312850000,98.8888888888889,122.37222222222223,2975.1528000000003,Eaglebine,3278072.833290293,638701.5444892679,Training
42289312900000,196.11111111111111,192.5222222222218,5479.3896,Eaglebine,3279466.5974052055,597429.8673169741,Training
42289313060000,108.8888888888889,117.88888888888889,2791.3584,Eaglebine,3273243.4820097536,640469.465668653,Training
42289313140000,102.22222222222223,111.65555555555555,2723.0832,Eaglebine,3259054.9627681687,626948.1253625299,Training
42289313210000,110.0,127.7777778,2800.8072,Eaglebine,3270978.5586322783,638668.1620671903,Training
42289313250000,108.33333333333334,117.54444444444445,2800.1976,Eaglebine,3269573.7458961466,639880.7678607436,Training
42289315440000,150.0,182.2222222,4080.6624,Eaglebine,3280447.78141939,634980.8743346347,Training
42293304160000,140.55555555555557,149.5222222222219,4031.4981600000006,Eaglebine,3242786.787439997,635422.5718853249,Training
42293304380000,64.44444444444444,67.36111111111111,1290.828,Eaglebine,3212579.0744886897,616846.5574478116,Training
42293305010000,147.77777777777777,147.9222222222217,3783.1776,Eaglebine,3260781.9715859084,661335.655868407,Training
42293308740000,107.77777777777779,119.44444444444444,2828.5440000000003,Eaglebine,3261899.405411333,656132.4001299748,Training
42293309280000,104.44444444444444,119.69444444444444,2833.9389600000004,Eaglebine,3268458.2254781933,657957.8190119677,Training
42293312300000,137.77777777777777,143.13888888888866,3807.8664000000003,Eaglebine,3259888.8441769304,648651.4610296913,Training
42311001580000,156.66666666666669,164.16111111111113,5062.51464,Eaglebine,2535876.324142979,-385449.8283267423,Training
42311006770000,135.55555555555557,148.08333333333334,3716.7312,Eaglebine,2638303.5323233227,-425359.95805129176,Training
42311013640000,160.55555555555557,164.79444444444445,4277.22792,Eaglebine,2527963.9059307957,-486065.09197107423,Training
42311317850000,166.66666666666669,168.80555555555557,5831.4336,Eaglebine,2608180.119334629,-384612.2581299064,Training
42313302370000,76.66666666666667,121.95,2786.95404,Eaglebine,3414233.396910908,515256.53010857187,Training
42313302910000,120.0,153.05,3910.3554000000004,Eaglebine,3470369.702696789,486712.4666854794,Training
42313304420000,103.8888888888889,123.14444444444445,2871.2160000000003,Eaglebine,3346227.684623387,465859.31166585,Training
42313305590000,104.44444444444444,123.75,2892.387408,Eaglebine,3350100.1268999255,464625.7296945,Training
42313311010000,110.0,140.47222222222223,3504.8952000000004,Eaglebine,3451937.7836495615,510822.0807364957,Training
42323000820000,57.22222222222222,67.70555555555556,994.2271200000001,Eaglebine,2027823.1858751453,-322458.2722629037,Training
42323300720000,128.88888888888889,129.40555555555562,3143.2804800000004,Eaglebine,2002522.3535770995,-385294.24763029127,Training
42323306640000,70.0,84.87222222222223,1424.632152,Eaglebine,2040134.9844932356,-430419.6088104712,Training
42323312560000,65.55555555555556,86.86666666666667,1697.1264,Eaglebine,1966634.739996643,-325937.5308092331,Training
42323312660000,80.55555555555556,84.1,1652.5036800000003,Eaglebine,1945596.304902258,-321512.18434814975,Training
42323324740000,86.66666666666667,103.01666666666668,2213.88432,Eaglebine,2049543.270733548,-319754.90480394993,Training
42323329160000,77.77777777777779,88.49444444444444,1769.15064,Eaglebine,1994164.6162723927,-309000.19929468085,Training
42395300370000,130.0,133.85555555555527,3797.5032,Eaglebine,3210053.904548388,596963.3170267072,Training
42395302780000,88.88888888888889,95.41111111111113,2027.5296,Eaglebine,3178051.920995728,501343.9134615356,Training
42395302880000,151.66666666666669,152.62222222222178,4229.31336,Eaglebine,3202023.186271543,541776.5126786858,Training
42395302890000,85.0,109.4444444,2262.7132800000004,Eaglebine,3240908.6095671253,471711.4892714709,Training
42395303030000,87.77777777777779,109.54444444444445,2449.068,Eaglebine,3246978.2428181707,484035.315584691,Training
42395303790000,97.77777777777779,108.13333333333333,2696.2608,Eaglebine,3245794.2675445704,619656.2684595356,Training
42395304350000,118.33333333333334,107.25555555555556,2822.7528,Eaglebine,3245995.2856024285,599819.1078704555,Training
42395304440000,181.11111111111111,131.1888888888889,4687.519200000001,Eaglebine,3223430.5665444937,532915.3417381224,Training
42395307330000,112.22222222222223,119.10555555555555,3389.9856,Eaglebine,3190101.369467889,546804.7372101528,Training
42477303240000,100.0,121.78888888888889,2770.632,Eaglebine,3137947.1108262,218733.9839829307,Training
42477304680000,118.33333333333334,151.29999999999998,3778.9104,Eaglebine,3266839.9692252423,282127.64503179386,Training
42477305280000,96.11111111111111,165.5555556,3321.7104000000004,Eaglebine,3250930.052091367,256529.7396378403,Training
42477305490000,121.66666666666667,146.63333333333333,3603.0408,Eaglebine,3256096.338795413,269077.5488713061,Training
42493302300000,72.22222222222223,94.56666666666668,1891.3449600000001,Eaglebine,2669466.0390440747,-228292.50386868144,Training
42493303910000,63.333333333333336,75.92777777777778,1337.82816,Eaglebine,2701794.688574363,-165070.09049443266,Training
42493307780000,64.44444444444444,87.38333333333333,1721.2056,Eaglebine,2747734.6995623745,-186567.10361348672,Training
42493308380000,64.44444444444444,79.36111111111111,1467.1548,Eaglebine,2743394.8796846485,-151947.04790535112,Training
42493309720000,81.11111111111111,99.99444444444445,2115.7692,Eaglebine,2709686.5653539165,-215370.07517613342,Training
42493310750000,65.55555555555556,88.14999999999999,1718.37096,Eaglebine,2728481.952469212,-192724.04020769033,Training
42493312560000,69.44444444444444,87.55000000000001,1662.3792,Eaglebine,2638036.384161209,-221709.86548800647,Training
42493316260000,76.66666666666667,92.05555555555556,1865.95512,Eaglebine,2701524.159694637,-207088.89765172295,Training
42493316680000,72.77777777777779,95.97222222222223,1985.25384,Eaglebine,2696944.825321328,-215387.18620753757,Training
42493317790000,73.33333333333334,91.80000000000001,1827.94656,Eaglebine,2710155.1065924107,-200791.2217587461,Training
42493318190000,76.66666666666667,96.10555555555557,1975.46976,Eaglebine,2710485.4720921414,-206963.64933255553,Training
42493319370000,78.88888888888889,100.47222222222223,2095.8048,Eaglebine,2690165.3999502957,-224230.8527437308,Training
42507007550000,65.55555555555556,78.16111111111111,1296.6192,Eaglebine,2247361.996119638,-323618.5313964565,Training
42507312960000,67.22222222222223,94.79444444444445,1929.2468400000002,Eaglebine,2104550.969267706,-214416.14898129192,Training
42507326870000,50.0,78.88888889,989.5332000000001,Eaglebine,2238848.475732004,-241093.83876071867,Training
100010107020W500,48.33,60.97,716.0,Duvernay,506233.85288223537,6097692.519251351,Training
100010608109W500,34.26,63.98,1044.4,Duvernay,600473.3676838224,6205641.4858367825,Training
100011206021W400,29.0,39.07,171.89999999999998,Duvernay,760971.7010448155,6009315.437568877,Training
100011506915W500,64.0,69.47,936.4,Duvernay,552040.1763690236,6091430.564950155,Training
100011804403W500,68.0,75.23,1065.6,Duvernay,674341.921334425,5851527.868909339,Training
100011806718W500,93.2,94.51,2020.1,Duvernay,517871.26123046584,6071671.902615336,Training
100012306427W500,48.0,67.75,836.8,Duvernay,437754.8040528794,6044655.390304108,Training
100012706026W400,23.89,43.77,300.9999999999999,Duvernay,708481.0521159911,6011639.751505661,Training
100012906918W500,38.89,71.41,714.9,Duvernay,519204.0170600351,6094474.7207994405,Training
100020106719W500,10.0,62.82,760.9000000000002,Duvernay,515711.82780489844,6068510.786866958,Training
100020107808W500,20.0,68.41,1088.15,Duvernay,619612.0673356776,6176919.668348931,Training
100020206322W500,75.56,82.49,1276.8000000000002,Duvernay,486333.0056433246,6029659.336275001,Training
100020206508W500,52.5,55.52,384.6,Duvernay,623273.3175436445,6050805.566877827,Training
100020403021W400,51.11,62.6,895.5999999999999,Duvernay,784637.9704957141,5716945.650686406,Training
100020606512W500,81.11,102.44,1719.7,Duvernay,577568.3462344075,6049718.7379779415,Training
100020807907W500,51.4,66.16,1043.0,Duvernay,621985.4330424586,6188342.126658348,Training
100021106720W500,48.89,69.36,917.4499999999999,Duvernay,504311.1727811199,6070048.410822427,Training
100021306113W500,80.3,89.84,1774.85,Duvernay,577659.8620186467,6014225.132465841,Training
100021406411W500,86.11,101.41,1597.7500000000005,Duvernay,593969.9967896516,6043554.218752708,Training
100021406418W500,98.89,81.52,1429.85,Duvernay,525535.8639648355,6042678.674367048,Training
100021506315W500,54.44,71.81,828.3,Duvernay,553460.6775021947,6033247.701345617,Training
100021506419W500,50.0,68.5,978.45,Duvernay,514099.2737544811,6042589.44592035,Training
100021708007W500,42.4,65.56,1015.7,Duvernay,621581.8715611271,6199625.140625907,Training
100021805706W500,35.56,54.63,663.8499999999999,Duvernay,639349.5534044332,5976567.701535012,Training
100021806218W500,54.44,64.7,780.1000000000001,Duvernay,520482.19938217866,6023163.355583749,Training
100021906119W500,58.33,70.12,898.3,Duvernay,510726.8372152185,6014994.797032065,Training
100022007907W500,41.6,65.1,1036.9,Duvernay,621853.4263452007,6191579.834302677,Training
100022008108W500,50.0,66.98,1087.1,Duvernay,611598.7491110477,6210707.532767772,Training
100022106317W500,96.67,106.26,2095.5499999999997,Duvernay,532101.5028084111,6034574.696424852,Training
100022208108W500,61.11,68.64,1113.4,Duvernay,614799.1708583398,6210815.938079757,Training
100022306625W500,98.89,110.08,2629.3500000000004,Duvernay,457169.4109035106,6063786.947642626,Training
100022406617W500,57.78,65.02,715.95,Duvernay,536761.5543956343,6063770.25698545,Training
100022706319W500,76.67,117.6111111,1009.2,Duvernay,514117.98861129617,6036115.57438913,Training
100022806320W500,42.22,43.8,373.5500000000002,Duvernay,502717.5574192376,6036096.379076937,Training
100022806419W500,48.89,111.0555556,666.3,Duvernay,512458.41436666343,6045821.778580169,Training
100023008008W500,43.33,69.18,1133.9,Duvernay,610110.3826491772,6202615.07362784,Training
100023206413W500,94.6,108.51,1704.6,Duvernay,569478.0564303843,6047924.767777813,Training
100023206414W500,65.56,71.67,668.6499999999999,Duvernay,559705.33779589,6047789.796993239,Training
100023303322W400,47.78,51.39,468.64999999999986,Duvernay,771217.7713559197,5753587.602384654,Training
100023306507W500,70.0,84.49,1408.05,Duvernay,629447.3574315486,6058941.003178365,Training
100023506212W500,60.0,98.77,1654.3,Duvernay,585419.2321225922,6028717.722949596,Training
100023506213W500,90.56,99.86,1725.5500000000002,Duvernay,575700.0927257887,6028652.289723071,Training
100023608010W500,49.86,64.9,1060.5,Duvernay,598838.601184615,6203788.893968891,Training
100032106921W500,47.78,61.69,822.05,Duvernay,490845.4732144511,6092733.509560165,Training
100032206603W600,46.0,62.96,852.5,Duvernay,411817.1253170288,6064643.584947245,Training
100032405416W500,78.3,78.41,1338.8000000000002,Duvernay,551319.7975601739,5947338.018272958,Training
100032604920W500,60.5,70.51,993.8,Duvernay,511956.0041238079,5900344.195619614,Training
100033006726W500,80.0,114.42,2761.2999999999997,Duvernay,438660.5960570475,6075298.20522316,Training
100033008009W500,48.89,65.05,1074.75,Duvernay,599892.8926085541,6202381.668129652,Training
100033206015W500,68.33,69.2,988.6000000000001,Duvernay,551181.4834360748,6008896.379190179,Training
100033206322W500,72.3,79.32,1239.1,Duvernay,481028.3116884461,6037871.609776085,Training
100040206609W500,49.44,63.48,427.8000000000002,Duvernay,612360.2000073205,6060119.52345925,Training
100040207011W500,66.11,89.78,1449.1499999999999,Duvernay,591168.2003985177,6098460.151357569,Training
100040306718W500,96.67,97.76,2019.9,Duvernay,521476.646483597,6068500.288000388,Training
100040705920W400,28.89,38.36,183.9000000000001,Duvernay,761814.8052510566,5999668.975424026,Training
100040706512W500,81.11,102.66,1715.7500000000002,Duvernay,576722.9651410584,6051246.162751692,Training
100040706523W500,103.33,110.37,2593.5499999999997,Duvernay,469270.75953708694,6050737.96403931,Training
100040907910W500,57.0,68.46,1194.5,Duvernay,593419.3376486881,6187827.870721234,Training
100041007824W500,35.0,33.91,290.85,Duvernay,459499.30747734196,6177007.266572086,Training
100041106519W500,28.89,66.52,863.6499999999999,Duvernay,514896.89954738296,6050674.521832316,Training
100041206410W500,33.33,65.49,502.0,Duvernay,604769.5831529626,6042188.383057424,Training
100041206613W500,91.4,106.14,1704.0,Duvernay,575057.0772679849,6061037.126665219,Training
100041206926W500,90.0,105.14,2525.0,Duvernay,446628.7853293478,6089979.595333996,Training
100041407808W500,56.67,67.08,1074.4499999999998,Duvernay,617031.8589917005,6180065.063052952,Training
100041603305W500,78.33,99.41,1685.1,Duvernay,661303.8305440667,5744017.284647474,Training
100041606219W500,70.0,74.67,1067.25,Duvernay,513186.32031612156,6023135.990185,Training
100041706214W500,84.44,101.5,1876.45,Duvernay,560410.8310650764,6023672.279459236,Training
100041708009W500,64.44,65.12,1079.9499999999998,Duvernay,601211.3764756026,6199454.4955605585,Training
100041806523W500,43.33,45.08,332.19999999999993,Duvernay,469281.8140969765,6052367.405767545,Training
100041903905W500,48.89,50.22,500.44999999999993,Duvernay,655415.6220245804,5803854.723361643,Training
100042108108W500,48.89,68.02,1090.4,Duvernay,612321.7540578203,6210702.61212688,Training
100042203707W500,65.56,77.15,1209.4499999999996,Duvernay,641825.5156139468,5783937.080058905,Training
100042304007W500,54.44,67.98,994.5500000000001,Duvernay,642086.763366957,5813212.7210781155,Training
100042606601W600,75.5,94.96,1612.4,Duvernay,432760.8340909697,6065694.672765138,Training
100042803323W400,54.8,62.51,723.2,Duvernay,760762.7732379576,5751463.437088364,Training
100043008007W500,45.0,65.74,1019.65,Duvernay,619035.4853538821,6202775.17004655,Training
100043106509W500,85.0,95.03,1489.0000000000002,Duvernay,605907.3807158178,6058361.614166093,Training
100043206618W500,71.11,97.52,2109.65,Duvernay,519701.1365608306,6066987.54397393,Training
100043306616W500,60.6,64.11,639.7,Duvernay,540956.781389233,6067191.192597543,Training
100043506919W500,66.0,96.82,1918.3000000000002,Duvernay,513316.31789955165,6095840.736687257,Training
100043606507W500,66.67,82.91,1386.2500000000002,Duvernay,633524.2736643815,6059056.76277995,Training
100050506418W500,50.0,92.77777778,661.8500000000001,Duvernay,519840.05082149256,6039776.232001023,Training
100051006826W500,51.8,67.28,981.5,Duvernay,442917.76172550855,6080609.648323939,Training
100053106213W500,69.0,70.32,837.4,Duvernay,568491.6978975113,6028821.324765501,Training
100053106224W500,84.2,96.43,1631.2,Duvernay,461287.10878788616,6028496.280855978,Training
100053408009W500,44.0,66.18,1104.6,Duvernay,604523.1715411032,6204430.196290535,Training
100053606118W500,42.0,73.33,1026.7,Duvernay,527999.7528383329,6018543.939018504,Training
100060305107W500,33.33,67.15,969.8500000000001,Duvernay,636329.4468259686,5915586.920328491,Training
100060404101W500,61.11,70.18,956.75,Duvernay,697672.1409246066,5820386.538051054,Training
100060506322W500,37.78,50.4,508.35,Duvernay,481000.27287338977,6030050.775610368,Training
100060603720W400,60.0,64.5,782.45,Duvernay,783745.3549883537,5785450.888474146,Training
100060606219W500,135.56,106.13,2345.9,Duvernay,510335.33129189495,6020282.39353151,Training
100060606515W500,59.4,73.61,825.1,Duvernay,547727.0986970066,6049849.410832009,Training
100060608108W500,45.0,67.53,1093.9,Duvernay,609459.1109559829,6206406.640147559,Training
100060706022W500,95.0,114.53,2137.3,Duvernay,480918.6473787098,6002395.895883893,Training
100060805217W500,77.22,83.67,1465.2000000000003,Duvernay,534914.2769182598,5924788.332465224,Training
100060807808W500,58.9,32.52,-66.60000000000002,Duvernay,612506.2983655913,6178635.919893585,Training
100060905918W500,77.78,95.0,1250.1499999999999,Duvernay,523411.94603622425,5992745.972762306,Training
100061004119W400,42.22,46.31,304.9499999999998,Duvernay,794600.5529764843,5826658.746702539,Training
100061005216W500,66.11,91.8,1642.6,Duvernay,547905.5770677449,5924919.95805358,Training
100061006117W500,52.22,73.47,1034.3500000000001,Duvernay,534687.8013544807,6012240.996248416,Training
100061103324W400,72.0,85.98,1471.6,Duvernay,754913.981292578,5746562.534775424,Training
100061305216W500,84.0,117.0,2148.6,Duvernay,551166.757232515,5926574.334905075,Training
100061306018W500,48.89,62.54,859.3499999999999,Duvernay,528217.596601142,6004228.193304443,Training
100061307518W500,35.5,42.39,235.35000000000002,Duvernay,521953.3953840109,6149669.770137339,Training
100061403127W400,64.5,80.18,1329.3999999999999,Duvernay,726424.4661144747,5727565.715066215,Training
100061404814W400,29.0,32.61,14.399999999999977,Duvernay,838029.6102052319,5899243.964009748,Training
100061406920W500,55.7,62.95,775.4,Duvernay,504008.164447393,6091357.241779204,Training
100061408009W500,42.0,64.85,1073.6,Duvernay,606519.2247386868,6199522.348596942,Training
100061504803W500,29.44,35.17,105.15000000000009,Duvernay,676775.8136102079,5890849.0410340885,Training
100061605518W500,71.67,98.02,1781.85,Duvernay,525266.5909869444,5955588.256429232,Training
100061608009W500,46.0,68.02,1137.0,Duvernay,603290.773281711,6199654.326416629,Training
100061706804W600,77.78,104.4444444,1799.1000000000001,Duvernay,398999.809325646,6082927.828276467,Training
100061805414W500,83.1,86.37,1689.05,Duvernay,562302.4918337233,5946105.520694614,Training
100062005015W500,106.67,106.62,2278.4,Duvernay,555811.5614397365,5908869.315422224,Training
100062007823W500,18.0,66.22,1298.1,Duvernay,466337.1943933906,6180492.501223562,Training
100062105118W500,103.0,104.15,2057.5,Duvernay,526818.9229531076,5918286.118189696,Training
100062203325W400,55.6,66.8,802.6,Duvernay,743195.9491558921,5749177.440033245,Training
100062306318W500,88.89,100.23,2150.2,Duvernay,525053.0493879194,6034834.554672598,Training
100062307218W500,35.0,56.71,506.85,Duvernay,521627.0748665907,6122218.325074649,Training
100062406517W500,75.0,83.02,1286.0,Duvernay,536510.9458227663,6054290.333114623,Training
100062506412W500,57.3,69.18,557.5999999999999,Duvernay,585322.0521458404,6046802.805884114,Training
100062604715W500,79.44,112.29,2022.5000000000005,Duvernay,561097.4062219368,5881542.225113905,Training
100062605918W500,75.56,79.04,1208.1,Duvernay,526588.9056698888,5997742.527718547,Training
100062705713W500,98.0,70.03,1045.1,Duvernay,575415.7811123155,5978689.500627365,Training
100062804714W500,48.33,58.36,557.8,Duvernay,567582.830629919,5881598.915582424,Training
100062904514W500,102.2,111.57,2126.7000000000003,Duvernay,567345.154379929,5862124.697377832,Training
100062905416W500,43.33,60.46,792.0,Duvernay,544454.6543280015,5949135.22233143,Training
100062906118W500,69.0,68.03,813.6,Duvernay,521590.82472997677,6016910.708570561,Training
100063007223W500,34.17,45.69,207.5,Duvernay,466272.42843050236,6123934.893144315,Training
100063008009W500,43.9,66.76,1096.8,Duvernay,599858.6393954813,6202874.333132091,Training
100063104713W500,118.33,112.56,2355.7000000000003,Duvernay,574002.3737954757,5883228.501403701,Training
100063205214W500,106.11,88.71,1517.25,Duvernay,564157.1098217787,5931569.957373407,Training
100063206123W500,29.44,95.74,1455.3000000000004,Duvernay,472878.7819078011,6018609.251986983,Training
100063306117W500,33.33,65.28,768.7000000000002,Duvernay,532985.8139598047,6018657.335427156,Training
100063405415W500,57.22,54.65,698.8999999999999,Duvernay,557401.0303740809,5950907.98742472,Training
100063506018W500,61.67,79.18,1103.5,Duvernay,526555.6060615144,6008897.449684375,Training
100063507018W500,40.0,56.5,488.95000000000005,Duvernay,523228.5271506424,6106178.6703223195,Training
100063605819W500,72.78,91.24,1317.2999999999997,Duvernay,520216.0430975972,5989538.262191458,Training
100063606312W500,42.78,62.06,358.75,Duvernay,585540.7224438613,6038883.830362903,Training
100063606625W500,62.2,77.12,1201.7,Duvernay,458347.97545265005,6067325.334147633,Training
100070104810W500,43.3,60.85,820.9,Duvernay,612082.3437251969,5885801.312806882,Training
100070206217W500,72.22,77.82,1075.3,Duvernay,536882.3312504893,6020539.615763153,Training
100070404912W500,78.33,118.63,2732.8500000000004,Duvernay,587486.6513514125,5894772.085236137,Training
100070505818W500,84.2,96.86,1402.4,Duvernay,523862.4553813354,5981481.2167504,Training
100070606504W500,39.44,45.59,310.79999999999995,Duvernay,655809.351696935,6051986.11076455,Training
100070706314W500,54.44,84.82,1401.2,Duvernay,558193.7730003764,6032124.236771864,Training
100070906818W500,61.2,63.61,687.1,Duvernay,520461.89138191566,6080325.896139715,Training
100070907618W500,31.0,46.39,326.0,Duvernay,517332.55836095614,6157702.657119881,Training
100071005813W500,58.89,79.65,1460.0500000000002,Duvernay,575981.7541568773,5983507.998736638,Training
100071106425W500,49.44,87.47,1459.8500000000004,Duvernay,457065.70698212145,6041426.59826588,Training
100071306526W500,59.4,72.92,1013.5,Duvernay,448944.7019783297,6053051.629147646,Training
100071406218W500,70.0,73.83,1001.8499999999998,Duvernay,527050.433352323,6023480.955328518,Training
100071406220W500,54.44,90.55555556,834.8499999999999,Duvernay,507489.7935430116,6023522.33686802,Training
100071505518W500,77.78,93.47,1570.6,Duvernay,527361.9177869286,5955486.956458514,Training
100071606224W500,61.11,80.03,1096.55,Duvernay,465145.0774906549,6023756.266923663,Training
100071906101W500,17.1,45.33,382.79999999999995,Duvernay,686637.9038771082,6019356.987599637,Training
100072103910W500,107.22,118.23,2224.15,Duvernay,610485.0268465391,5803060.868408349,Training
100072106223W500,48.89,86.88,1312.0499999999997,Duvernay,475116.83895144815,6025091.869033981,Training
100072206324W500,42.22,61.78,795.2,Duvernay,464938.1919572419,6035018.211590111,Training
100072304811W400,23.33,31.92,-64.04999999999995,Duvernay,867741.8516250602,5903030.586045559,Training
100072504410W500,75.0,102.27,2137.25,Duvernay,613509.7020041962,5853365.81184175,Training
100072507623W500,81.0,82.04,1942.8,Duvernay,473374.20027888275,6162944.551242422,Training
100072605920W500,49.44,62.77,640.9999999999998,Duvernay,507672.41037050035,5997525.694301172,Training
100072706626W500,78.6,114.87,2770.3,Duvernay,445861.77827431884,6066129.109809444,Training
100072907222W500,68.89,85.62,1713.8000000000002,Duvernay,478245.3135178483,6123842.829106724,Training
100073005022W400,40.0,43.12,237.69999999999993,Duvernay,752644.2757999221,5916952.636409529,Training
100073008009W500,45.0,66.65,1109.3,Duvernay,600377.8029195118,6202726.597672604,Training
100073207810W500,48.89,65.58,1104.75,Duvernay,593483.6275944145,6184639.501783986,Training
100073306319W500,65.56,69.18,965.8999999999999,Duvernay,512481.7810101661,6038121.918613989,Training
100073405315W500,85.5,84.47,1423.4,Duvernay,557963.3599428529,5941172.476219797,Training
100073506014W500,41.11,58.27,658.6500000000001,Duvernay,566327.3176623129,6009282.098259044,Training
100073606118W500,91.11,105.45,2221.65,Duvernay,528773.2580951665,6018666.435505567,Training
100080907321W500,42.6,51.95,466.79999999999995,Duvernay,490033.7779427241,6128975.393949726,Training
100081504804W500,54.44,60.0,730.9499999999999,Duvernay,667755.4247584327,5890523.087110944,Training
100081805214W500,55.9,76.67,1181.3,Duvernay,563329.8157803485,5926720.937256277,Training
100082003821W400,65.56,71.95,1102.2,Duvernay,775589.3081190004,5799563.035650562,Training
100082304316W400,36.0,46.33,327.6,Duvernay,823773.5222800442,5851513.766050043,Training
100083005205W500,43.0,62.68,771.6,Duvernay,651249.2858631072,5931884.543685103,Training
100083305512W500,51.11,62.33,804.7499999999999,Duvernay,584800.8911037756,5961138.230726664,Training
100090107716W500,26.67,24.83,-233.64999999999998,Duvernay,541992.0858154823,6166632.794541664,Training
100091703425W400,65.56,67.2,810.3500000000001,Duvernay,740464.535148015,5757718.776632638,Training
100091804909W500,29.7,58.32,722.1,Duvernay,613568.587061121,5899030.236670591,Training
100092206315W500,75.56,72.17,802.3499999999999,Duvernay,553695.1052099789,6035534.0302286,Training
100092304214W400,32.0,35.88,100.70000000000005,Duvernay,844697.9412119719,5843529.473902265,Training
100092905518W500,57.6,94.0,1517.8000000000002,Duvernay,524246.6010755366,5959339.511059402,Training
100092906515W500,60.7,69.31,674.8,Duvernay,550058.504131518,6056761.938926861,Training
100092906917W500,57.2,67.28,728.4,Duvernay,528882.6782662974,6095159.553772469,Training
100093305512W500,50.0,72.87,1037.95,Duvernay,584603.7148329807,5961559.3231990235,Training
100100105619W500,84.6,101.99,1650.2500000000002,Duvernay,520873.8640170053,5962374.662946083,Training
100100106518W500,44.44,50.66,438.0000000000002,Duvernay,527135.721469957,6049921.471017328,Training
100100205918W500,82.22,114.45,2356.3999999999996,Duvernay,527263.4394344467,5991702.20064815,Training
100100206624W500,53.33,81.59,1152.4999999999998,Duvernay,466882.94222227926,6059663.818777827,Training
100100406315W500,51.11,77.74,916.9499999999998,Duvernay,551797.4965903272,6030752.265794746,Training
100100606117W500,76.67,94.01,1751.35,Duvernay,530338.165460023,6011195.203131564,Training
100100606917W500,52.78,68.33,593.8000000000001,Duvernay,527146.5170705678,6088841.730245285,Training
100100704717W500,24.0,96.02,1536.1499999999999,Duvernay,535459.4333567976,5876886.452857938,Training
100100706017W500,90.56,103.78,2282.6,Duvernay,530468.9032521799,6003088.31344141,Training
100100805919W500,69.44,73.05,1110.4,Duvernay,512523.77216403064,5993278.976278461,Training
100100806620W500,68.33,85.96,1704.9,Duvernay,501146.2835022189,6061270.483764458,Training
100100808007W500,43.9,65.46,1018.1999999999999,Duvernay,621685.4123209536,6198916.241797456,Training
100100905816W500,43.89,70.74,752.0500000000001,Duvernay,545008.098782589,5983646.052123939,Training
100100906223W500,87.37,110.39,2248.4,Duvernay,475086.4630607736,6022439.594333606,Training
100100906321W500,82.22,95.57,2025.5999999999997,Duvernay,492879.1230145586,6032038.738263315,Training
100101007809W500,37.78,32.59,-33.5,Duvernay,606486.8873129744,6178970.409568982,Training
100101106622W500,49.44,56.42,662.0,Duvernay,486503.39378201775,6061305.491890415,Training
100101206315W500,99.5,97.46,1875.0,Duvernay,556653.8007689359,6032386.109502093,Training
100101206413W500,35.0,74.49,610.5,Duvernay,576249.4393762873,6042505.379778949,Training
100101306920W500,48.89,60.32,671.35,Duvernay,505980.815530702,6092001.042154754,Training
100101406216W500,51.11,64.57,639.5999999999999,Duvernay,546516.7220373681,6024152.618351764,Training
100101406819W500,95.0,99.64,1980.5999999999997,Duvernay,514064.65286494564,6082164.654776542,Training
100101503821W400,35.0,50.08,375.85,Duvernay,778477.2646499418,5798520.106302901,Training
100101505918W500,86.67,112.44,2372.8500000000004,Duvernay,525459.6712098017,5994830.94669286,Training
100101506609W500,85.56,96.24,1449.6999999999998,Duvernay,611422.2175901282,6064101.55560485,Training
100101506718W500,92.22,98.76,2026.9,Duvernay,522264.16712471744,6072531.863838679,Training
100101606027W400,57.78,75.9,1316.4,Duvernay,696765.1210845315,6008696.614579374,Training
100101606419W500,50.0,76.66666667,691.55,Duvernay,512465.1734238493,6043388.188724821,Training
100101606423W500,47.22,56.34,683.7,Duvernay,473304.01992827456,6043452.56565414,Training
100101705323W400,75.56,61.55,868.8500000000001,Duvernay,741490.1410670087,5942516.4797838945,Training
100101706216W500,65.0,78.02,1047.3,Duvernay,541771.6471060438,6024216.450110721,Training
100101706419W500,48.89,61.66666667,703.2,Duvernay,510835.0374366255,6043383.817824378,Training
100101706424W500,56.67,84.58,1317.3499999999997,Duvernay,461974.3780716778,6043593.499597491,Training
100101706519W500,48.89,55.15,612.9499999999999,Duvernay,510809.5974959754,6053095.197041727,Training
100101804316W400,60.0,63.96,836.4,Duvernay,816902.1525825113,5849806.981044593,Training
100101806316W500,65.56,81.59,973.0,Duvernay,538747.6877584942,6033917.136081294,Training
100101806319W500,65.56,70.38,1025.3,Duvernay,509178.11853300256,6033623.070175561,Training
100101806321W500,26.67,78.77,1216.45,Duvernay,489719.4575346327,6033771.807880947,Training
100101806523W500,54.44,55.28,590.7500000000001,Duvernay,470090.13487083657,6053166.180634169,Training
100101806617W500,67.22,83.78,1525.1000000000001,Duvernay,528652.1494008014,6062858.658055718,Training
100101906018W500,135.56,110.68,2356.4999999999995,Duvernay,520559.86479006516,6006154.972379116,Training
100102006216W500,40.56,62.85,647.8499999999999,Duvernay,541716.8444510455,6025855.01852439,Training
100102006523W500,40.0,51.62,560.25,Duvernay,471776.77584295254,6054813.682259936,Training
100102008007W500,29.0,31.27,-63.200000000000045,Duvernay,621502.9681272411,6202030.080014081,Training
100102106215W500,59.44,66.62,612.8000000000001,Duvernay,552886.5545029151,6025767.523007704,Training
100102107026W500,81.0,103.68,2531.5,Duvernay,442455.34074947773,6103607.801062069,Training
100102205913W500,48.89,67.62,918.9499999999999,Duvernay,574528.7983420836,5996998.9169380525,Training
100102206114W500,85.56,99.52,1890.3499999999997,Duvernay,564513.7684041065,6016336.197197649,Training
100102206615W500,43.33,58.88,387.20000000000016,Duvernay,552986.3295978034,6064700.612439728,Training
100102306919W500,61.11,66.22,728.8,Duvernay,514171.40970248525,6093709.009833137,Training
100102406114W500,46.11,60.17,588.25,Duvernay,567766.8522750521,6016383.447991547,Training
100102504602W500,36.67,37.07,79.70000000000005,Duvernay,690909.5968938052,5875631.40630601,Training
100102506318W500,51.11,100.44,2140.5,Duvernay,527185.2376573092,6036973.575976879,Training
100102506415W500,51.11,74.43,693.6999999999998,Duvernay,556468.8169244061,6046931.099055641,Training
100102506527W500,38.5,51.15,398.20000000000005,Duvernay,439365.8199738356,6056889.015298485,Training
100102506620W500,58.33,53.79,527.2499999999998,Duvernay,507637.02257766464,6066136.346607533,Training
100102508009W500,57.22,65.23,1050.6,Duvernay,608474.9467763085,6203366.252195877,Training
100102606217W500,51.67,62.29,663.6500000000002,Duvernay,536695.5911192955,6027306.370008005,Training
100102606619W500,50.0,107.2222222,806.4999999999999,Duvernay,515647.19675858004,6066057.947778987,Training
100102805216W500,42.22,37.54,160.9000000000001,Duvernay,546715.5524988663,5930222.927735369,Training
100102805414W500,71.11,79.71,1381.35,Duvernay,566136.0180469904,5950020.40514252,Training
100102906423W500,63.89,64.35,838.8,Duvernay,471677.831137897,6046683.126516569,Training
100102906625W500,39.44,57.54,736.4499999999999,Duvernay,452427.7521252165,6066351.544569455,Training
100103003223W400,63.9,68.64,915.25,Duvernay,758853.6796328682,5742506.7323582815,Training
100103008009W500,47.0,64.21,1044.6,Duvernay,600366.4564820528,6203209.327348958,Training
100103106307W500,45.0,49.92,363.4999999999999,Duvernay,626719.5111938583,6040241.814430794,Training
100103106317W500,67.22,68.74,911.4999999999999,Duvernay,528805.7988280383,6038591.054116411,Training
100103108008W500,58.89,69.07,1137.1,Duvernay,610063.5621169806,6205016.459796133,Training
100103206321W500,43.33,84.7,389.0999999999999,Duvernay,491257.75635836617,6038513.88164461,Training
100103306127W400,64.44,74.48,1278.2000000000003,Duvernay,696156.9748634816,6023253.393703983,Training
100103403221W400,49.44,59.69,588.2,Duvernay,783093.1980379401,5745327.8087656135,Training
100103405818W500,91.11,113.9,2361.75,Duvernay,527127.4598777858,5990023.649317642,Training
100103406419W500,60.0,97.38888889,931.2500000000001,Duvernay,514079.78823426727,6048238.741974643,Training
100103407020W500,71.67,93.03,2020.0499999999997,Duvernay,502628.6887911883,6106465.316027552,Training
100103505903W500,32.22,38.8,214.75,Duvernay,674013.4121040021,6002905.1854534,Training
100103604301W500,37.78,42.22222222,81.34999999999991,Duvernay,701796.3624242344,5848510.682150706,Training
100103605913W500,48.33,55.68,645.5500000000002,Duvernay,577846.3920751972,6000396.49909558,Training
100110105618W500,47.1,93.83,1429.5,Duvernay,529937.2428899485,5962694.48604709,Training
100110105714W500,91.11,78.57,1203.35,Duvernay,569137.637430938,5972475.965958945,Training
100110105918W500,79.44,92.51,1361.5500000000002,Duvernay,528339.4770520448,5991641.108936704,Training
100110106113W500,54.44,66.65,871.25,Duvernay,577148.6732027082,6011621.943693262,Training
100110206625W500,44.44,55.0,592.0500000000002,Duvernay,456732.72433988424,6059749.168804387,Training
100110306020W500,75.56,90.29,1440.0000000000002,Duvernay,505383.9098156433,6001095.8158701565,Training
100110406626W500,23.89,84.88,1407.4499999999998,Duvernay,443655.5346182839,6059970.047854467,Training
100110407421W500,40.1,50.72,448.54999999999995,Duvernay,489384.79151349876,6137178.878970714,Training
100110505515W500,75.56,79.13,1303.35,Duvernay,552953.6356304421,5953114.114586092,Training
100110505718W500,121.11,128.98,2508.85,Duvernay,523472.04465889465,5972144.083296288,Training
100110606426W500,60.0,73.07,1055.1,Duvernay,440082.40302177926,6040604.059892746,Training
100110606726W500,78.89,105.77,2466.6000000000004,Duvernay,438492.19588486856,6069656.406432918,Training
100110607324W500,48.33,59.78,601.95,Duvernay,456497.3592787647,6127857.357903538,Training
100110806618W500,77.78,100.44,2097.0,Duvernay,520148.54250730574,6061272.6327364985,Training
100110806721W500,57.6,64.14,851.95,Duvernay,489199.9307913255,6070757.649528577,Training
100110905226W400,51.67,55.42,651.3000000000002,Duvernay,713710.6496817495,5930057.22505145,Training
100110906216W500,95.56,101.77,2044.7,Duvernay,542677.1870685901,6022670.396559964,Training
100111107812W500,57.22,75.35,1283.5,Duvernay,578444.5694784302,6178465.872264749,Training
100111406613W500,96.0,108.2,1694.1,Duvernay,573563.8476098796,6063433.186788557,Training
100111506313W500,52.78,75.74,783.5999999999999,Duvernay,572479.334037205,6034288.378616325,Training
100111506802W600,44.44,75.84,1210.9999999999998,Duvernay,421720.93285000126,6082837.615879216,Training
100111606819W500,60.0,69.33,837.15,Duvernay,510293.6976233665,6082301.3757547345,Training
100112106425W500,49.44,58.81,737.5999999999999,Duvernay,453235.5223450311,6045311.626526688,Training
100112205512W400,16.11,24.14,-135.54999999999995,Duvernay,849079.2946982884,5970475.570250429,Training
100112405614W500,114.44,99.6,2141.2,Duvernay,569111.9202394766,5967814.876568468,Training
100112504718W500,80.0,95.08,1530.9,Duvernay,533279.1793128665,5881647.38839708,Training
100112506216W500,53.8,65.33,625.1500000000001,Duvernay,547556.4554004713,6027509.692261574,Training
100112506523W500,67.78,75.04,1178.9499999999998,Duvernay,477771.85354540823,6056467.5986694405,Training
100112605315W500,81.1,83.8,1424.9,Duvernay,559456.7090006669,5940253.658968529,Training
100112605814W500,135.56,104.18,2103.1,Duvernay,567211.6935334833,5988722.020552446,Training
100112606214W500,50.56,58.64,558.65,Duvernay,565372.3278683097,6027728.194617496,Training
100112706316W500,71.11,80.22,932.7,Duvernay,542994.7958457575,6037188.449401688,Training
100113006919W500,60.0,64.69,797.5999999999998,Duvernay,507013.8263482185,6095239.511862069,Training
100113305613W500,47.78,68.52,1045.8000000000002,Duvernay,573892.5033554328,5971171.241423771,Training
100113306020W500,47.78,98.88888889,555.2,Duvernay,503739.3571988896,6009397.838413652,Training
100113405314W500,91.67,103.87,2354.3499999999995,Duvernay,567212.3354227657,5941965.725521603,Training
100113603220W400,58.33,79.78,1276.5,Duvernay,795741.121788366,5746020.77851793,Training
100113606225W500,69.5,88.89,1469.2,Duvernay,459900.754726279,6028997.185353766,Training
100113606412W500,71.11,82.25,1137.1999999999998,Duvernay,585280.3172317552,6049055.631655095,Training
100120106424W500,65.56,59.46,732.1000000000001,Duvernay,467567.8191901739,6040237.259862087,Training
100120506319W500,115.56,104.43,2379.2999999999997,Duvernay,510057.9097562942,6030472.000360196,Training
100120903821W400,46.0,58.38,552.65,Duvernay,776086.8827881217,5796731.291796269,Training
100120906419W500,62.78,111.8333333,707.3999999999999,Duvernay,511664.4748877619,6041757.632997472,Training
100121706626W500,55.56,65.33,839.9999999999999,Duvernay,441745.35941210506,6063151.805994316,Training
100121806005W500,33.89,41.52,307.20000000000005,Duvernay,646958.9010339746,6006821.637131085,Training
100121806417W500,65.56,68.0,852.6499999999999,Duvernay,527969.0486721836,6043451.264646572,Training
100122506218W500,86.11,101.74,2142.2,Duvernay,527914.7921188626,6027377.250122844,Training
100122506919W500,54.44,66.84,708.1500000000001,Duvernay,514912.0743205654,6095228.145566896,Training
100122806316W500,55.56,75.23,825.8,Duvernay,541045.9678727165,6037071.041552586,Training
100122905513W500,60.0,74.91,1251.65,Duvernay,572172.4174867176,5959740.603917522,Training
100123305513W500,58.89,64.16,901.4500000000002,Duvernay,573785.0379339479,5961371.1348754,Training
100123405407W500,46.67,61.58,811.05,Duvernay,634952.9514670188,5953016.2312678825,Training
100123506118W500,50.56,63.0,776.2,Duvernay,526244.1867370164,6019267.295493735,Training
100123506318W500,69.2,70.12,971.3,Duvernay,524890.8457878607,6038671.759590562,Training
100123506419W500,37.78,109.1111111,972.9000000000002,Duvernay,514904.84684296994,6048240.9159629615,Training
100123606419W500,69.0,70.62,1004.35,Duvernay,516470.6896987336,6048244.7407588335,Training
100130806320W500,122.22,104.91,2424.9999999999995,Duvernay,500314.4603735652,6032302.022988965,Training
100132006502W600,108.6,124.38,3084.5,Duvernay,418016.55630873685,6055691.648714633,Training
100132306325W500,58.33,84.73,1375.1999999999998,Duvernay,456041.17983916414,6035814.329980274,Training
100132405522W500,58.3,72.44,1063.9,Duvernay,490718.67662283656,5957772.520885319,Training
100132503226W400,65.56,80.75,1288.9999999999998,Duvernay,736754.8494061062,5741718.749243304,Training
100140103123W400,43.33,55.13,469.4,Duvernay,767326.2062611124,5727023.785901221,Training
100140206310W500,42.5,53.38,385.79999999999995,Duvernay,603506.3031720415,6031914.0043588765,Training
100140307021W500,46.9,56.96,663.2,Duvernay,492390.95350564393,6098658.430607848,Training
100141006601W600,68.0,78.05555556,1654.6,Duvernay,431376.08754525415,6062062.775126587,Training
100141103917W400,43.4,45.52,267.70000000000005,Duvernay,816992.3851377276,5809535.166615763,Training
100141606818W500,48.89,63.34,646.4500000000002,Duvernay,520180.6088938587,6082636.099144164,Training
100142004127W400,37.78,70.19,867.4000000000001,Duvernay,713049.630668367,5826482.04920069,Training
100142005315W500,59.2,84.45,1396.9,Duvernay,554535.5033143384,5938939.545585997,Training
100142306724W500,98.4,104.74,2388.1,Duvernay,464715.3040560256,6074454.882278283,Training
100142904806W500,37.78,8.37,-630.95,Duvernay,644044.2782783806,5893848.172223235,Training
100142906919W500,46.11,60.35,660.6999999999999,Duvernay,508745.4311769067,6095548.330544892,Training
100143206412W500,87.78,102.6,1717.3000000000002,Duvernay,578731.3522339925,6049213.859371245,Training
100150106318W500,94.0,73.01,958.9,Duvernay,527089.5563286702,6030803.335045335,Training
100150406512W500,82.22,101.27,1735.2499999999995,Duvernay,580914.7736638454,6050843.641062196,Training
100151004919W500,117.78,118.91,2373.9,Duvernay,520608.5612527235,5896497.630380809,Training
100152005416W500,61.0,83.48,1421.3,Duvernay,544997.8399411596,5948249.735492568,Training
100152507708W500,40.0,33.32,-74.39999999999998,Duvernay,619698.0401692435,6174812.218506358,Training
100153208009W500,50.0,66.44,1099.2,Duvernay,601971.325795572,6205066.480457698,Training
100153504402W500,71.3,78.75,1287.8,Duvernay,689971.1011472237,5857997.961240038,Training
100153607812W500,30.56,37.41,-4.849999999999909,Duvernay,580422.4253606113,6185269.143551149,Training
100160106122W500,50.0,90.0,929.7,Duvernay,490102.45870630344,6011517.863618781,Training
100160206625W500,88.6,111.07,2638.35,Duvernay,457461.9017883609,6060070.300869288,Training
100160906212W500,90.56,94.24,1740.3500000000004,Duvernay,582624.9349378557,6023443.486221212,Training
100160906613W500,43.0,90.34,1159.6,Duvernay,571137.7933190772,6061953.365759966,Training
100161108108W500,46.11,64.81,1009.05,Duvernay,616883.185114598,6208839.848422065,Training
100161406821W500,81.0,97.52,2220.6,Duvernay,494777.2077326478,6082594.082041372,Training
100161506319W500,78.0,122.0,1408.3,Duvernay,514381.69718763063,6033936.511017379,Training
100161603725W400,52.22,60.55,583.9499999999999,Duvernay,738787.7922213592,5787100.250028969,Training
100161706919W500,46.67,63.59,736.65,Duvernay,509492.9009158837,6092252.6481616795,Training
100161906819W500,61.11,63.16,718.2,Duvernay,507939.0363223184,6084203.366076529,Training
100162005425W400,37.78,49.67,479.0000000000002,Duvernay,721753.6444160368,5953529.219116291,Training
100162104913W500,71.11,89.01,1489.7499999999995,Duvernay,577894.8355903935,5900400.9226462,Training
100162703224W400,73.1,86.79,1518.9,Duvernay,754382.7366081408,5742720.32004828,Training
100162706309W500,47.22,50.88,281.30000000000007,Duvernay,612430.3600650436,6038601.006975744,Training
100162906116W500,22.22,62.92,714.0000000000002,Duvernay,542074.537458865,6017861.049488865,Training
100163406326W500,69.0,88.17,1468.7,Duvernay,445768.8638259033,6039192.121442979,Training
100163406826W500,58.9,67.81,1029.6,Duvernay,444226.6682966373,6087623.149271441,Training
100163606918W500,21.7,97.84,1839.5,Duvernay,525736.0313776365,6097163.270536494,Training
102052004217W400,33.33,41.98,234.5,Duvernay,809650.8392247679,5840598.7622527275,Training
102061003805W500,59.5,73.64,1072.8,Duvernay,661611.6562263803,5791587.655837934,Training
102061504515W400,38.6,42.79,252.5,Duvernay,829876.5132486596,5869676.072583436,Training
102061504716W500,51.67,105.0,435.1500000000001,Duvernay,549723.9316167281,5878142.397504139,Training
102071804513W400,35.3,41.65,249.20000000000005,Duvernay,844768.682045528,5870904.714144968,Training
102142004709W500,68.8,81.48,1341.2,Duvernay,614921.5506136846,5881476.763398504,Training
106141105522W400,23.33,32.98,98.39999999999998,Duvernay,752852.203486132,5961471.754745796,Training
